{
  "project_info": {
    "project_number": "370990153879",
    "firebase_url": "https://todolistfirebase-eaef5.firebaseio.com",
    "project_id": "todolistfirebase-eaef5",
    "storage_bucket": "todolistfirebase-eaef5.appspot.com"
  },
  "client": [
    {
      "client_info": {
        "mobilesdk_app_id": "1:370990153879:android:2e116850a56140d7",
        "android_client_info": {
          "package_name": "istanbul.ismek.todolistfirebase"
        }
      },
      "oauth_client": [
        {
          "client_id": "370990153879-d7t5pi8tve2te27ao00ehi24ta2ul511.apps.googleusercontent.com",
          "client_type": 1,
          "android_info": {
            "package_name": "istanbul.ismek.todolistfirebase",
            "certificate_hash": "17e22e59049da35bca8fccbec4c87b2e9c8ad79d"
          }
        },
        {
          "client_id": "370990153879-eisacboqn52jntu581a1f2bkhjh4j8jl.apps.googleusercontent.com",
          "client_type": 3
        }
      ],
      "api_key": [
        {
          "current_key": "AIzaSyCbanisOgMfn_pSmvP7-qXM4AZJP2uEZ4I"
        }
      ],
      "services": {
        "appinvite_service": {
          "other_platform_oauth_client": [
            {
              "client_id": "370990153879-eisacboqn52jntu581a1f2bkhjh4j8jl.apps.googleusercontent.com",
              "client_type": 3
            }
          ]
        }
      }
    }
  ],
  "configuration_version": "1"
}